Round,PlayerId,Position:Y,Position:X,Speed,State,Boosting,Boost-Counter,Damage,#Boosts,#Oil,#Lizards,LastCyberTruck:Y,LastCyberTruck:X,#Tweets,#EMPs,Score
1,1,1,1,5,READY,false,0,0,0,0,0,,,0,0,0
2,1,1,7,6,ACCELERATING,false,0,0,0,0,0,,,0,0,0
3,1,1,15,8,ACCELERATING,false,0,0,0,0,0,,,0,0,0
4,1,1,24,9,ACCELERATING,false,0,0,0,1,0,,,0,0,4
5,1,1,33,9,NOTHING,false,0,0,0,1,0,,,0,0,4
6,1,1,41,8,HIT_MUD,false,0,1,0,1,0,,,0,0,1
7,1,1,50,9,ACCELERATING,false,0,1,0,1,0,,,1,0,5
8,1,1,59,9,NOTHING,false,0,1,1,1,0,,,1,0,9
9,1,2,67,9,TURNING_RIGHT,false,0,1,1,1,0,,,1,0,9
10,1,2,76,9,NOTHING,false,0,1,1,1,0,,,1,0,9
11,1,1,84,8,HIT_MUD,false,0,2,1,1,0,,,1,0,6
12,1,2,91,0,HIT_MUD,false,0,5,1,1,0,,,1,0,-3
13,1,2,91,0,ACCELERATING,false,0,5,1,1,0,,,1,0,-3
14,1,2,91,0,ACCELERATING,false,0,5,1,1,0,,,1,0,-3
15,1,2,91,0,ACCELERATING,false,0,5,1,1,0,,,1,0,-3
16,1,2,91,0,ACCELERATING,false,0,5,1,1,0,,,1,0,-3
17,1,2,91,0,ACCELERATING,false,0,5,1,1,0,,,1,0,-3
18,1,2,91,0,ACCELERATING,false,0,5,1,1,0,,,1,0,-3
19,1,2,91,0,ACCELERATING,false,0,5,1,1,0,,,1,0,-3
20,1,2,91,0,ACCELERATING,false,0,5,1,1,0,,,1,0,-3
21,1,2,91,0,ACCELERATING,false,0,5,1,1,0,,,1,0,-3
22,1,2,91,0,ACCELERATING,false,0,5,1,1,0,,,1,0,-3
23,1,2,91,0,ACCELERATING,false,0,5,1,1,0,,,1,0,-3
24,1,2,91,0,ACCELERATING,false,0,5,1,1,0,,,1,0,-3
25,1,2,91,0,ACCELERATING,false,0,5,1,1,0,,,1,0,-3
26,1,2,91,0,ACCELERATING,false,0,5,1,1,0,,,1,0,-3
27,1,2,91,0,ACCELERATING,false,0,5,1,1,0,,,1,0,-3
28,1,2,91,0,ACCELERATING,false,0,5,1,1,0,,,1,0,-3
29,1,2,91,0,ACCELERATING,false,0,5,1,1,0,,,1,0,-3
30,1,2,91,0,ACCELERATING,false,0,5,1,1,0,,,1,0,-3
31,1,2,91,0,ACCELERATING,false,0,5,1,1,0,,,1,0,-3
32,1,2,91,0,ACCELERATING,false,0,5,1,1,0,,,1,0,-3
33,1,2,91,0,ACCELERATING,false,0,5,1,1,0,,,1,0,-3
34,1,2,91,0,ACCELERATING,false,0,5,1,1,0,,,1,0,-3
35,1,2,91,0,ACCELERATING,false,0,5,1,1,0,,,1,0,-3
36,1,2,91,0,ACCELERATING,false,0,5,1,1,0,,,1,0,-3
37,1,2,91,0,ACCELERATING,false,0,5,1,1,0,,,1,0,-3
38,1,2,91,0,ACCELERATING,false,0,5,1,1,0,,,1,0,-3
39,1,2,91,0,ACCELERATING,false,0,5,1,1,0,,,1,0,-3
40,1,2,91,0,ACCELERATING,false,0,5,1,1,0,,,1,0,-3
41,1,2,91,0,ACCELERATING,false,0,5,1,1,0,,,1,0,-3
42,1,2,91,0,ACCELERATING,false,0,5,1,1,0,,,1,0,-3
43,1,2,91,0,ACCELERATING,false,0,5,1,1,0,,,1,0,-3
44,1,2,91,0,ACCELERATING,false,0,5,1,1,0,,,1,0,-3
45,1,2,91,0,ACCELERATING,false,0,5,1,1,0,,,1,0,-3
46,1,2,91,0,ACCELERATING,false,0,5,1,1,0,,,1,0,-3
47,1,2,91,0,ACCELERATING,false,0,5,1,1,0,,,1,0,-3
48,1,2,91,0,ACCELERATING,false,0,5,1,1,0,,,1,0,-3
49,1,2,91,0,ACCELERATING,false,0,5,1,1,0,,,1,0,-3
50,1,2,91,0,ACCELERATING,false,0,5,1,1,0,,,1,0,-3
51,1,2,91,0,ACCELERATING,false,0,5,1,1,0,,,1,0,-3
52,1,2,91,0,ACCELERATING,false,0,5,1,1,0,,,1,0,-3
53,1,2,91,0,ACCELERATING,false,0,5,1,1,0,,,1,0,-3
54,1,2,91,0,ACCELERATING,false,0,5,1,1,0,,,1,0,-3
55,1,2,91,0,ACCELERATING,false,0,5,1,1,0,,,1,0,-3
56,1,2,91,0,ACCELERATING,false,0,5,1,1,0,,,1,0,-3
57,1,2,91,0,ACCELERATING,false,0,5,1,1,0,,,1,0,-3
58,1,2,91,0,ACCELERATING,false,0,5,1,1,0,,,1,0,-3
59,1,2,91,0,ACCELERATING,false,0,5,1,1,0,,,1,0,-3
60,1,2,91,0,ACCELERATING,false,0,5,1,1,0,,,1,0,-3
61,1,2,91,0,ACCELERATING,false,0,5,1,1,0,,,1,0,-3
62,1,2,91,0,ACCELERATING,false,0,5,1,1,0,,,1,0,-3
63,1,2,91,0,ACCELERATING,false,0,5,1,1,0,,,1,0,-3
64,1,2,91,0,ACCELERATING,false,0,5,1,1,0,,,1,0,-3
65,1,2,91,0,ACCELERATING,false,0,5,1,1,0,,,1,0,-3
66,1,2,91,0,ACCELERATING,false,0,5,1,1,0,,,1,0,-3
67,1,2,91,0,ACCELERATING,false,0,5,1,1,0,,,1,0,-3
68,1,2,91,0,ACCELERATING,false,0,5,1,1,0,,,1,0,-3
69,1,2,91,0,ACCELERATING,false,0,5,1,1,0,,,1,0,-3
70,1,2,91,0,ACCELERATING,false,0,5,1,1,0,,,1,0,-3
71,1,2,91,0,ACCELERATING,false,0,5,1,1,0,,,1,0,-3
72,1,2,91,0,ACCELERATING,false,0,5,1,1,0,,,1,0,-3
73,1,2,91,0,ACCELERATING,false,0,5,1,1,0,,,1,0,-3
74,1,2,91,0,ACCELERATING,false,0,5,1,1,0,,,1,0,-3
75,1,2,91,0,ACCELERATING,false,0,5,1,1,0,,,1,0,-3
76,1,2,91,0,ACCELERATING,false,0,5,1,1,0,,,1,0,-3
77,1,2,91,0,ACCELERATING,false,0,5,1,1,0,,,1,0,-3
78,1,2,91,0,ACCELERATING,false,0,5,1,1,0,,,1,0,-3
79,1,2,91,0,ACCELERATING,false,0,5,1,1,0,,,1,0,-3
80,1,2,91,0,ACCELERATING,false,0,5,1,1,0,,,1,0,-3
81,1,2,91,0,ACCELERATING,false,0,5,1,1,0,,,1,0,-3
82,1,2,91,0,ACCELERATING,false,0,5,1,1,0,,,1,0,-3
83,1,2,91,0,ACCELERATING,false,0,5,1,1,0,,,1,0,-3
84,1,2,91,0,ACCELERATING,false,0,5,1,1,0,,,1,0,-3
85,1,2,91,0,ACCELERATING,false,0,5,1,1,0,,,1,0,-3
86,1,2,91,0,ACCELERATING,false,0,5,1,1,0,,,1,0,-3
87,1,2,91,0,ACCELERATING,false,0,5,1,1,0,,,1,0,-3
88,1,2,91,0,ACCELERATING,false,0,5,1,1,0,,,1,0,-3
89,1,2,91,0,ACCELERATING,false,0,5,1,1,0,,,1,0,-3
90,1,2,91,0,ACCELERATING,false,0,5,1,1,0,,,1,0,-3
91,1,2,91,0,ACCELERATING,false,0,5,1,1,0,,,1,0,-3
92,1,2,91,0,ACCELERATING,false,0,5,1,1,0,,,1,0,-3
93,1,2,91,0,ACCELERATING,false,0,5,1,1,0,,,1,0,-3
94,1,2,91,0,ACCELERATING,false,0,5,1,1,0,,,1,0,-3
95,1,2,91,0,ACCELERATING,false,0,5,1,1,0,,,1,0,-3
96,1,2,91,0,ACCELERATING,false,0,5,1,1,0,,,1,0,-3
97,1,2,91,0,ACCELERATING,false,0,5,1,1,0,,,1,0,-3
98,1,2,91,0,ACCELERATING,false,0,5,1,1,0,,,1,0,-3
99,1,2,91,0,ACCELERATING,false,0,5,1,1,0,,,1,0,-3
100,1,2,91,0,ACCELERATING,false,0,5,1,1,0,,,1,0,-3
101,1,2,91,0,ACCELERATING,false,0,5,1,1,0,,,1,0,-3
102,1,2,91,0,ACCELERATING,false,0,5,1,1,0,,,1,0,-3
103,1,2,91,0,ACCELERATING,false,0,5,1,1,0,,,1,0,-3
104,1,2,91,0,ACCELERATING,false,0,5,1,1,0,,,1,0,-3
105,1,2,91,0,ACCELERATING,false,0,5,1,1,0,,,1,0,-3
106,1,2,91,0,ACCELERATING,false,0,5,1,1,0,,,1,0,-3
107,1,2,91,0,ACCELERATING,false,0,5,1,1,0,,,1,0,-3
108,1,2,91,0,ACCELERATING,false,0,5,1,1,0,,,1,0,-3
109,1,2,91,0,ACCELERATING,false,0,5,1,1,0,,,1,0,-3
110,1,2,91,0,ACCELERATING,false,0,5,1,1,0,,,1,0,-3
111,1,2,91,0,ACCELERATING,false,0,5,1,1,0,,,1,0,-3
112,1,2,91,0,ACCELERATING,false,0,5,1,1,0,,,1,0,-3
113,1,2,91,0,ACCELERATING,false,0,5,1,1,0,,,1,0,-3
114,1,2,91,0,ACCELERATING,false,0,5,1,1,0,,,1,0,-3
115,1,2,91,0,ACCELERATING,false,0,5,1,1,0,,,1,0,-3
116,1,2,91,0,ACCELERATING,false,0,5,1,1,0,,,1,0,-3
117,1,2,91,0,ACCELERATING,false,0,5,1,1,0,,,1,0,-3
118,1,2,91,0,ACCELERATING,false,0,5,1,1,0,,,1,0,-3
119,1,2,91,0,ACCELERATING,false,0,5,1,1,0,,,1,0,-3
120,1,2,91,0,ACCELERATING,false,0,5,1,1,0,,,1,0,-3
121,1,2,91,0,ACCELERATING,false,0,5,1,1,0,,,1,0,-3
122,1,2,91,0,ACCELERATING,false,0,5,1,1,0,,,1,0,-3
123,1,2,91,0,ACCELERATING,false,0,5,1,1,0,,,1,0,-3
124,1,2,91,0,ACCELERATING,false,0,5,1,1,0,,,1,0,-3
125,1,2,91,0,ACCELERATING,false,0,5,1,1,0,,,1,0,-3
126,1,2,91,0,ACCELERATING,false,0,5,1,1,0,,,1,0,-3
127,1,2,91,0,ACCELERATING,false,0,5,1,1,0,,,1,0,-3
128,1,2,91,0,ACCELERATING,false,0,5,1,1,0,,,1,0,-3
129,1,2,91,0,ACCELERATING,false,0,5,1,1,0,,,1,0,-3
130,1,2,91,0,ACCELERATING,false,0,5,1,1,0,,,1,0,-3
131,1,2,91,0,ACCELERATING,false,0,5,1,1,0,,,1,0,-3
132,1,2,91,0,ACCELERATING,false,0,5,1,1,0,,,1,0,-3
133,1,2,91,0,ACCELERATING,false,0,5,1,1,0,,,1,0,-3
134,1,2,91,0,ACCELERATING,false,0,5,1,1,0,,,1,0,-3
135,1,2,91,0,ACCELERATING,false,0,5,1,1,0,,,1,0,-3
136,1,2,91,0,ACCELERATING,false,0,5,1,1,0,,,1,0,-3
137,1,2,91,0,ACCELERATING,false,0,5,1,1,0,,,1,0,-3
138,1,2,91,0,ACCELERATING,false,0,5,1,1,0,,,1,0,-3
139,1,2,91,0,ACCELERATING,false,0,5,1,1,0,,,1,0,-3
140,1,2,91,0,ACCELERATING,false,0,5,1,1,0,,,1,0,-3
141,1,2,91,0,ACCELERATING,false,0,5,1,1,0,,,1,0,-3
142,1,2,91,0,ACCELERATING,false,0,5,1,1,0,,,1,0,-3
143,1,2,91,0,ACCELERATING,false,0,5,1,1,0,,,1,0,-3
144,1,2,91,0,ACCELERATING,false,0,5,1,1,0,,,1,0,-3
145,1,2,91,0,ACCELERATING,false,0,5,1,1,0,,,1,0,-3
146,1,2,91,0,ACCELERATING,false,0,5,1,1,0,,,1,0,-3
147,1,2,91,0,ACCELERATING,false,0,5,1,1,0,,,1,0,-3
148,1,2,91,0,ACCELERATING,false,0,5,1,1,0,,,1,0,-3
149,1,2,91,0,ACCELERATING,false,0,5,1,1,0,,,1,0,-3
150,1,2,91,0,ACCELERATING,false,0,5,1,1,0,,,1,0,-3
151,1,2,91,0,ACCELERATING,false,0,5,1,1,0,,,1,0,-3
152,1,2,91,0,ACCELERATING,false,0,5,1,1,0,,,1,0,-3
153,1,2,91,0,ACCELERATING,false,0,5,1,1,0,,,1,0,-3
154,1,2,91,0,ACCELERATING,false,0,5,1,1,0,,,1,0,-3
155,1,2,91,0,ACCELERATING,false,0,5,1,1,0,,,1,0,-3
156,1,2,91,0,ACCELERATING,false,0,5,1,1,0,,,1,0,-3
157,1,2,91,0,ACCELERATING,false,0,5,1,1,0,,,1,0,-3
158,1,2,91,0,ACCELERATING,false,0,5,1,1,0,,,1,0,-3
159,1,2,91,0,ACCELERATING,false,0,5,1,1,0,,,1,0,-3
160,1,2,91,0,ACCELERATING,false,0,5,1,1,0,,,1,0,-3
161,1,2,91,0,ACCELERATING,false,0,5,1,1,0,,,1,0,-3
162,1,2,91,0,ACCELERATING,false,0,5,1,1,0,,,1,0,-3
163,1,2,91,0,ACCELERATING,false,0,5,1,1,0,,,1,0,-3
164,1,2,91,0,ACCELERATING,false,0,5,1,1,0,,,1,0,-3
165,1,2,91,0,ACCELERATING,false,0,5,1,1,0,,,1,0,-3
166,1,2,91,0,ACCELERATING,false,0,5,1,1,0,,,1,0,-3
167,1,2,91,0,ACCELERATING,false,0,5,1,1,0,,,1,0,-3
168,1,2,91,0,ACCELERATING,false,0,5,1,1,0,,,1,0,-3
169,1,2,91,0,ACCELERATING,false,0,5,1,1,0,,,1,0,-3
170,1,2,91,0,ACCELERATING,false,0,5,1,1,0,,,1,0,-3
171,1,2,91,0,ACCELERATING,false,0,5,1,1,0,,,1,0,-3
172,1,2,91,0,ACCELERATING,false,0,5,1,1,0,,,1,0,-3
173,1,2,91,0,ACCELERATING,false,0,5,1,1,0,,,1,0,-3
174,1,2,91,0,ACCELERATING,false,0,5,1,1,0,,,1,0,-3
175,1,2,91,0,ACCELERATING,false,0,5,1,1,0,,,1,0,-3
176,1,2,91,0,ACCELERATING,false,0,5,1,1,0,,,1,0,-3
177,1,2,91,0,ACCELERATING,false,0,5,1,1,0,,,1,0,-3
178,1,2,91,0,ACCELERATING,false,0,5,1,1,0,,,1,0,-3
179,1,2,91,0,ACCELERATING,false,0,5,1,1,0,,,1,0,-3
180,1,2,91,0,ACCELERATING,false,0,5,1,1,0,,,1,0,-3
181,1,2,91,0,ACCELERATING,false,0,5,1,1,0,,,1,0,-3
182,1,2,91,0,ACCELERATING,false,0,5,1,1,0,,,1,0,-3
183,1,2,91,0,ACCELERATING,false,0,5,1,1,0,,,1,0,-3
184,1,2,91,0,ACCELERATING,false,0,5,1,1,0,,,1,0,-3
185,1,2,91,0,ACCELERATING,false,0,5,1,1,0,,,1,0,-3
186,1,2,91,0,ACCELERATING,false,0,5,1,1,0,,,1,0,-3
187,1,2,91,0,ACCELERATING,false,0,5,1,1,0,,,1,0,-3
188,1,2,91,0,ACCELERATING,false,0,5,1,1,0,,,1,0,-3
189,1,2,91,0,ACCELERATING,false,0,5,1,1,0,,,1,0,-3
190,1,2,91,0,ACCELERATING,false,0,5,1,1,0,,,1,0,-3
191,1,2,91,0,ACCELERATING,false,0,5,1,1,0,,,1,0,-3
192,1,2,91,0,ACCELERATING,false,0,5,1,1,0,,,1,0,-3
193,1,2,91,0,ACCELERATING,false,0,5,1,1,0,,,1,0,-3
194,1,2,91,0,ACCELERATING,false,0,5,1,1,0,,,1,0,-3
195,1,2,91,0,ACCELERATING,false,0,5,1,1,0,,,1,0,-3
196,1,2,91,0,ACCELERATING,false,0,5,1,1,0,,,1,0,-3
197,1,2,91,0,ACCELERATING,false,0,5,1,1,0,,,1,0,-3
198,1,2,91,0,ACCELERATING,false,0,5,1,1,0,,,1,0,-3
199,1,2,91,0,ACCELERATING,false,0,5,1,1,0,,,1,0,-3
200,1,2,91,0,ACCELERATING,false,0,5,1,1,0,,,1,0,-3
201,1,2,91,0,ACCELERATING,false,0,5,1,1,0,,,1,0,-3
202,1,2,91,0,ACCELERATING,false,0,5,1,1,0,,,1,0,-3
203,1,2,91,0,ACCELERATING,false,0,5,1,1,0,,,1,0,-3
204,1,2,91,0,ACCELERATING,false,0,5,1,1,0,,,1,0,-3
205,1,2,91,0,ACCELERATING,false,0,5,1,1,0,,,1,0,-3
206,1,2,91,0,ACCELERATING,false,0,5,1,1,0,,,1,0,-3
207,1,2,91,0,ACCELERATING,false,0,5,1,1,0,,,1,0,-3
208,1,2,91,0,ACCELERATING,false,0,5,1,1,0,,,1,0,-3
209,1,2,91,0,ACCELERATING,false,0,5,1,1,0,,,1,0,-3
210,1,2,91,0,ACCELERATING,false,0,5,1,1,0,,,1,0,-3
211,1,2,91,0,ACCELERATING,false,0,5,1,1,0,,,1,0,-3
212,1,2,91,0,ACCELERATING,false,0,5,1,1,0,,,1,0,-3
213,1,2,91,0,ACCELERATING,false,0,5,1,1,0,,,1,0,-3
214,1,2,91,0,ACCELERATING,false,0,5,1,1,0,,,1,0,-3
215,1,2,91,0,ACCELERATING,false,0,5,1,1,0,,,1,0,-3
216,1,2,91,0,ACCELERATING,false,0,5,1,1,0,,,1,0,-3
217,1,2,91,0,ACCELERATING,false,0,5,1,1,0,,,1,0,-3
218,1,2,91,0,ACCELERATING,false,0,5,1,1,0,,,1,0,-3
219,1,2,91,0,ACCELERATING,false,0,5,1,1,0,,,1,0,-3
220,1,2,91,0,ACCELERATING,false,0,5,1,1,0,,,1,0,-3
221,1,2,91,0,ACCELERATING,false,0,5,1,1,0,,,1,0,-3
222,1,2,91,0,ACCELERATING,false,0,5,1,1,0,,,1,0,-3
223,1,2,91,0,ACCELERATING,false,0,5,1,1,0,,,1,0,-3
224,1,2,91,0,ACCELERATING,false,0,5,1,1,0,,,1,0,-3
225,1,2,91,0,ACCELERATING,false,0,5,1,1,0,,,1,0,-3
226,1,2,91,0,ACCELERATING,false,0,5,1,1,0,,,1,0,-3
227,1,2,91,0,ACCELERATING,false,0,5,1,1,0,,,1,0,-3
228,1,2,91,0,ACCELERATING,false,0,5,1,1,0,,,1,0,-3
229,1,2,91,0,ACCELERATING,false,0,5,1,1,0,,,1,0,-3
230,1,2,91,0,ACCELERATING,false,0,5,1,1,0,,,1,0,-3
231,1,2,91,0,ACCELERATING,false,0,5,1,1,0,,,1,0,-3
232,1,2,91,0,ACCELERATING,false,0,5,1,1,0,,,1,0,-3
233,1,2,91,0,ACCELERATING,false,0,5,1,1,0,,,1,0,-3
234,1,2,91,0,ACCELERATING,false,0,5,1,1,0,,,1,0,-3
235,1,2,91,0,ACCELERATING,false,0,5,1,1,0,,,1,0,-3
236,1,2,91,0,ACCELERATING,false,0,5,1,1,0,,,1,0,-3
237,1,2,91,0,ACCELERATING,false,0,5,1,1,0,,,1,0,-3
238,1,2,91,0,ACCELERATING,false,0,5,1,1,0,,,1,0,-3
239,1,2,91,0,ACCELERATING,false,0,5,1,1,0,,,1,0,-3
240,1,2,91,0,ACCELERATING,false,0,5,1,1,0,,,1,0,-3
241,1,2,91,0,ACCELERATING,false,0,5,1,1,0,,,1,0,-3
242,1,2,91,0,ACCELERATING,false,0,5,1,1,0,,,1,0,-3
243,1,2,91,0,ACCELERATING,false,0,5,1,1,0,,,1,0,-3
244,1,2,91,0,ACCELERATING,false,0,5,1,1,0,,,1,0,-3
245,1,2,91,0,ACCELERATING,false,0,5,1,1,0,,,1,0,-3
246,1,2,91,0,ACCELERATING,false,0,5,1,1,0,,,1,0,-3
247,1,2,91,0,ACCELERATING,false,0,5,1,1,0,,,1,0,-3
248,1,2,91,0,ACCELERATING,false,0,5,1,1,0,,,1,0,-3
249,1,2,91,0,ACCELERATING,false,0,5,1,1,0,,,1,0,-3
250,1,2,91,0,ACCELERATING,false,0,5,1,1,0,,,1,0,-3
251,1,2,91,0,ACCELERATING,false,0,5,1,1,0,,,1,0,-3
252,1,2,91,0,ACCELERATING,false,0,5,1,1,0,,,1,0,-3
253,1,2,91,0,ACCELERATING,false,0,5,1,1,0,,,1,0,-3
254,1,2,91,0,ACCELERATING,false,0,5,1,1,0,,,1,0,-3
255,1,2,91,0,ACCELERATING,false,0,5,1,1,0,,,1,0,-3
256,1,2,91,0,ACCELERATING,false,0,5,1,1,0,,,1,0,-3
257,1,2,91,0,ACCELERATING,false,0,5,1,1,0,,,1,0,-3
258,1,2,91,0,ACCELERATING,false,0,5,1,1,0,,,1,0,-3
259,1,2,91,0,ACCELERATING,false,0,5,1,1,0,,,1,0,-3
260,1,2,91,0,ACCELERATING,false,0,5,1,1,0,,,1,0,-3
261,1,2,91,0,ACCELERATING,false,0,5,1,1,0,,,1,0,-3
262,1,2,91,0,ACCELERATING,false,0,5,1,1,0,,,1,0,-3
263,1,2,91,0,ACCELERATING,false,0,5,1,1,0,,,1,0,-3
264,1,2,91,0,ACCELERATING,false,0,5,1,1,0,,,1,0,-3
265,1,2,91,0,ACCELERATING,false,0,5,1,1,0,,,1,0,-3
266,1,2,91,0,ACCELERATING,false,0,5,1,1,0,,,1,0,-3
267,1,2,91,0,ACCELERATING,false,0,5,1,1,0,,,1,0,-3
268,1,2,91,0,ACCELERATING,false,0,5,1,1,0,,,1,0,-3
269,1,2,91,0,ACCELERATING,false,0,5,1,1,0,,,1,0,-3
270,1,2,91,0,ACCELERATING,false,0,5,1,1,0,,,1,0,-3
271,1,2,91,0,ACCELERATING,false,0,5,1,1,0,,,1,0,-3
272,1,2,91,0,ACCELERATING,false,0,5,1,1,0,,,1,0,-3
273,1,2,91,0,ACCELERATING,false,0,5,1,1,0,,,1,0,-3
274,1,2,91,0,ACCELERATING,false,0,5,1,1,0,,,1,0,-3
275,1,2,91,0,ACCELERATING,false,0,5,1,1,0,,,1,0,-3
276,1,2,91,0,ACCELERATING,false,0,5,1,1,0,,,1,0,-3
277,1,2,91,0,ACCELERATING,false,0,5,1,1,0,,,1,0,-3
278,1,2,91,0,ACCELERATING,false,0,5,1,1,0,,,1,0,-3
279,1,2,91,0,ACCELERATING,false,0,5,1,1,0,,,1,0,-3
280,1,2,91,0,ACCELERATING,false,0,5,1,1,0,,,1,0,-3
281,1,2,91,0,ACCELERATING,false,0,5,1,1,0,,,1,0,-3
282,1,2,91,0,ACCELERATING,false,0,5,1,1,0,,,1,0,-3
283,1,2,91,0,ACCELERATING,false,0,5,1,1,0,,,1,0,-3
284,1,2,91,0,ACCELERATING,false,0,5,1,1,0,,,1,0,-3
285,1,2,91,0,ACCELERATING,false,0,5,1,1,0,,,1,0,-3
286,1,2,91,0,ACCELERATING,false,0,5,1,1,0,,,1,0,-3
287,1,2,91,0,ACCELERATING,false,0,5,1,1,0,,,1,0,-3
288,1,2,91,0,ACCELERATING,false,0,5,1,1,0,,,1,0,-3
289,1,2,91,0,ACCELERATING,false,0,5,1,1,0,,,1,0,-3
290,1,2,91,0,ACCELERATING,false,0,5,1,1,0,,,1,0,-3
291,1,2,91,0,ACCELERATING,false,0,5,1,1,0,,,1,0,-3
292,1,2,91,0,ACCELERATING,false,0,5,1,1,0,,,1,0,-3
293,1,2,91,0,ACCELERATING,false,0,5,1,1,0,,,1,0,-3
294,1,2,91,0,ACCELERATING,false,0,5,1,1,0,,,1,0,-3
295,1,2,91,0,ACCELERATING,false,0,5,1,1,0,,,1,0,-3
296,1,2,91,0,ACCELERATING,false,0,5,1,1,0,,,1,0,-3
297,1,2,91,0,ACCELERATING,false,0,5,1,1,0,,,1,0,-3
298,1,2,91,0,ACCELERATING,false,0,5,1,1,0,,,1,0,-3
299,1,2,91,0,ACCELERATING,false,0,5,1,1,0,,,1,0,-3
300,1,2,91,0,ACCELERATING,false,0,5,1,1,0,,,1,0,-3
301,1,2,91,0,ACCELERATING,false,0,5,1,1,0,,,1,0,-3
302,1,2,91,0,ACCELERATING,false,0,5,1,1,0,,,1,0,-3
303,1,2,91,0,ACCELERATING,false,0,5,1,1,0,,,1,0,-3
304,1,2,91,0,ACCELERATING,false,0,5,1,1,0,,,1,0,-3
305,1,2,91,0,ACCELERATING,false,0,5,1,1,0,,,1,0,-3
306,1,2,91,0,ACCELERATING,false,0,5,1,1,0,,,1,0,-3
307,1,2,91,0,ACCELERATING,false,0,5,1,1,0,,,1,0,-3
308,1,2,91,0,ACCELERATING,false,0,5,1,1,0,,,1,0,-3
309,1,2,91,0,ACCELERATING,false,0,5,1,1,0,,,1,0,-3
310,1,2,91,0,ACCELERATING,false,0,5,1,1,0,,,1,0,-3
311,1,2,91,0,ACCELERATING,false,0,5,1,1,0,,,1,0,-3
312,1,2,91,0,ACCELERATING,false,0,5,1,1,0,,,1,0,-3
313,1,2,91,0,ACCELERATING,false,0,5,1,1,0,,,1,0,-3
314,1,2,91,0,ACCELERATING,false,0,5,1,1,0,,,1,0,-3
315,1,2,91,0,ACCELERATING,false,0,5,1,1,0,,,1,0,-3
316,1,2,91,0,ACCELERATING,false,0,5,1,1,0,,,1,0,-3
317,1,2,91,0,ACCELERATING,false,0,5,1,1,0,,,1,0,-3
318,1,2,91,0,ACCELERATING,false,0,5,1,1,0,,,1,0,-3
319,1,2,91,0,ACCELERATING,false,0,5,1,1,0,,,1,0,-3
320,1,2,91,0,ACCELERATING,false,0,5,1,1,0,,,1,0,-3
321,1,2,91,0,ACCELERATING,false,0,5,1,1,0,,,1,0,-3
322,1,2,91,0,ACCELERATING,false,0,5,1,1,0,,,1,0,-3
323,1,2,91,0,ACCELERATING,false,0,5,1,1,0,,,1,0,-3
324,1,2,91,0,ACCELERATING,false,0,5,1,1,0,,,1,0,-3
325,1,2,91,0,ACCELERATING,false,0,5,1,1,0,,,1,0,-3
326,1,2,91,0,ACCELERATING,false,0,5,1,1,0,,,1,0,-3
327,1,2,91,0,ACCELERATING,false,0,5,1,1,0,,,1,0,-3
328,1,2,91,0,ACCELERATING,false,0,5,1,1,0,,,1,0,-3
329,1,2,91,0,ACCELERATING,false,0,5,1,1,0,,,1,0,-3
330,1,2,91,0,ACCELERATING,false,0,5,1,1,0,,,1,0,-3
331,1,2,91,0,ACCELERATING,false,0,5,1,1,0,,,1,0,-3
332,1,2,91,0,ACCELERATING,false,0,5,1,1,0,,,1,0,-3
333,1,2,91,0,ACCELERATING,false,0,5,1,1,0,,,1,0,-3
334,1,2,91,0,ACCELERATING,false,0,5,1,1,0,,,1,0,-3
335,1,2,91,0,ACCELERATING,false,0,5,1,1,0,,,1,0,-3
336,1,2,91,0,ACCELERATING,false,0,5,1,1,0,,,1,0,-3
337,1,2,91,0,ACCELERATING,false,0,5,1,1,0,,,1,0,-3
338,1,2,91,0,ACCELERATING,false,0,5,1,1,0,,,1,0,-3
339,1,2,91,0,ACCELERATING,false,0,5,1,1,0,,,1,0,-3
340,1,2,91,0,ACCELERATING,false,0,5,1,1,0,,,1,0,-3
341,1,2,91,0,ACCELERATING,false,0,5,1,1,0,,,1,0,-3
342,1,2,91,0,ACCELERATING,false,0,5,1,1,0,,,1,0,-3
343,1,2,91,0,ACCELERATING,false,0,5,1,1,0,,,1,0,-3
344,1,2,91,0,ACCELERATING,false,0,5,1,1,0,,,1,0,-3
345,1,2,91,0,ACCELERATING,false,0,5,1,1,0,,,1,0,-3
346,1,2,91,0,ACCELERATING,false,0,5,1,1,0,,,1,0,-3
347,1,2,91,0,ACCELERATING,false,0,5,1,1,0,,,1,0,-3
348,1,2,91,0,ACCELERATING,false,0,5,1,1,0,,,1,0,-3
349,1,2,91,0,ACCELERATING,false,0,5,1,1,0,,,1,0,-3
350,1,2,91,0,ACCELERATING,false,0,5,1,1,0,,,1,0,-3
351,1,2,91,0,ACCELERATING,false,0,5,1,1,0,,,1,0,-3
352,1,2,91,0,ACCELERATING,false,0,5,1,1,0,,,1,0,-3
353,1,2,91,0,ACCELERATING,false,0,5,1,1,0,,,1,0,-3
354,1,2,91,0,ACCELERATING,false,0,5,1,1,0,,,1,0,-3
355,1,2,91,0,ACCELERATING,false,0,5,1,1,0,,,1,0,-3
356,1,2,91,0,ACCELERATING,false,0,5,1,1,0,,,1,0,-3
357,1,2,91,0,ACCELERATING,false,0,5,1,1,0,,,1,0,-3
358,1,2,91,0,ACCELERATING,false,0,5,1,1,0,,,1,0,-3
359,1,2,91,0,ACCELERATING,false,0,5,1,1,0,,,1,0,-3
360,1,2,91,0,ACCELERATING,false,0,5,1,1,0,,,1,0,-3
361,1,2,91,0,ACCELERATING,false,0,5,1,1,0,,,1,0,-3
362,1,2,91,0,ACCELERATING,false,0,5,1,1,0,,,1,0,-3
363,1,2,91,0,ACCELERATING,false,0,5,1,1,0,,,1,0,-3
364,1,2,91,0,ACCELERATING,false,0,5,1,1,0,,,1,0,-3
365,1,2,91,0,ACCELERATING,false,0,5,1,1,0,,,1,0,-3
366,1,2,91,0,ACCELERATING,false,0,5,1,1,0,,,1,0,-3
367,1,2,91,0,ACCELERATING,false,0,5,1,1,0,,,1,0,-3
368,1,2,91,0,ACCELERATING,false,0,5,1,1,0,,,1,0,-3
369,1,2,91,0,ACCELERATING,false,0,5,1,1,0,,,1,0,-3
370,1,2,91,0,ACCELERATING,false,0,5,1,1,0,,,1,0,-3
371,1,2,91,0,ACCELERATING,false,0,5,1,1,0,,,1,0,-3
372,1,2,91,0,ACCELERATING,false,0,5,1,1,0,,,1,0,-3
373,1,2,91,0,ACCELERATING,false,0,5,1,1,0,,,1,0,-3
374,1,2,91,0,ACCELERATING,false,0,5,1,1,0,,,1,0,-3
375,1,2,91,0,ACCELERATING,false,0,5,1,1,0,,,1,0,-3
376,1,2,91,0,ACCELERATING,false,0,5,1,1,0,,,1,0,-3
377,1,2,91,0,ACCELERATING,false,0,5,1,1,0,,,1,0,-3
378,1,2,91,0,ACCELERATING,false,0,5,1,1,0,,,1,0,-3
379,1,2,91,0,ACCELERATING,false,0,5,1,1,0,,,1,0,-3
380,1,2,91,0,ACCELERATING,false,0,5,1,1,0,,,1,0,-3
381,1,2,91,0,ACCELERATING,false,0,5,1,1,0,,,1,0,-3
382,1,2,91,0,ACCELERATING,false,0,5,1,1,0,,,1,0,-3
383,1,2,91,0,ACCELERATING,false,0,5,1,1,0,,,1,0,-3
384,1,2,91,0,ACCELERATING,false,0,5,1,1,0,,,1,0,-3
385,1,2,91,0,ACCELERATING,false,0,5,1,1,0,,,1,0,-3
386,1,2,91,0,ACCELERATING,false,0,5,1,1,0,,,1,0,-3
387,1,2,91,0,ACCELERATING,false,0,5,1,1,0,,,1,0,-3
388,1,2,91,0,ACCELERATING,false,0,5,1,1,0,,,1,0,-3
389,1,2,91,0,ACCELERATING,false,0,5,1,1,0,,,1,0,-3
390,1,2,91,0,ACCELERATING,false,0,5,1,1,0,,,1,0,-3
391,1,2,91,0,ACCELERATING,false,0,5,1,1,0,,,1,0,-3
392,1,2,91,0,ACCELERATING,false,0,5,1,1,0,,,1,0,-3
393,1,2,91,0,ACCELERATING,false,0,5,1,1,0,,,1,0,-3
394,1,2,91,0,ACCELERATING,false,0,5,1,1,0,,,1,0,-3
395,1,2,91,0,ACCELERATING,false,0,5,1,1,0,,,1,0,-3
396,1,2,91,0,ACCELERATING,false,0,5,1,1,0,,,1,0,-3
397,1,2,91,0,ACCELERATING,false,0,5,1,1,0,,,1,0,-3
398,1,2,91,0,ACCELERATING,false,0,5,1,1,0,,,1,0,-3
399,1,2,91,0,ACCELERATING,false,0,5,1,1,0,,,1,0,-3
400,1,2,91,0,ACCELERATING,false,0,5,1,1,0,,,1,0,-3
401,1,2,91,0,ACCELERATING,false,0,5,1,1,0,,,1,0,-3
402,1,2,91,0,ACCELERATING,false,0,5,1,1,0,,,1,0,-3
403,1,2,91,0,ACCELERATING,false,0,5,1,1,0,,,1,0,-3
404,1,2,91,0,ACCELERATING,false,0,5,1,1,0,,,1,0,-3
405,1,2,91,0,ACCELERATING,false,0,5,1,1,0,,,1,0,-3
406,1,2,91,0,ACCELERATING,false,0,5,1,1,0,,,1,0,-3
407,1,2,91,0,ACCELERATING,false,0,5,1,1,0,,,1,0,-3
408,1,2,91,0,ACCELERATING,false,0,5,1,1,0,,,1,0,-3
