Round,PlayerId,Position:Y,Position:X,Speed,State,Boosting,Boost-Counter,Damage,#Boosts,#Oil,#Lizards,LastCyberTruck:Y,LastCyberTruck:X,#Tweets,#EMPs,Score
1,2,4,1,5,READY,false,0,0,0,0,0,,,0,0,0
2,2,4,7,6,ACCELERATING,false,0,0,0,0,0,,,0,0,0
3,2,4,15,8,ACCELERATING,false,0,0,0,0,0,,,0,0,0
4,2,4,24,0,HIT_WALL,false,0,5,1,0,0,,,0,0,-10
5,2,4,24,0,FIXED_CAR,false,0,3,1,0,0,,,0,0,-10
6,2,4,27,3,HIT_MUD,false,0,4,1,0,0,,,0,0,-13
7,2,4,30,3,ACCELERATING,false,0,4,1,0,0,,,0,0,-13
8,2,4,33,3,ACCELERATING,false,0,4,1,0,0,,,0,0,-13
9,2,4,36,3,ACCELERATING,false,0,4,1,0,0,,,0,0,-13
10,2,4,39,3,ACCELERATING,false,0,4,1,0,0,,,0,0,-13
11,2,4,42,3,ACCELERATING,false,0,4,1,0,0,,,0,0,-13
12,2,4,45,3,ACCELERATING,false,0,4,1,0,0,,,0,0,-13
13,2,4,48,3,ACCELERATING,false,0,4,1,0,0,,,0,0,-13
14,2,4,51,3,ACCELERATING,false,0,4,1,0,0,,,0,0,-13
15,2,4,54,3,ACCELERATING,false,0,4,1,0,0,,,0,0,-13
16,2,4,57,3,ACCELERATING,false,0,4,1,0,0,,,0,0,-13
17,2,4,60,0,HIT_MUD,false,0,5,1,0,0,,,0,0,-16
18,2,4,60,0,FIXED_CAR,false,0,3,1,0,0,,,0,0,-16
19,2,4,63,3,ACCELERATING,false,0,3,1,0,1,,,0,0,-12
20,2,4,69,3,HIT_MUD,false,0,4,1,0,1,,,0,0,-15
21,2,4,72,3,ACCELERATING,false,0,4,1,0,1,,,0,0,-15
22,2,4,75,3,ACCELERATING,false,0,4,1,0,1,,,0,0,-15
23,2,4,78,3,ACCELERATING,false,0,4,1,0,1,,,0,0,-15
24,2,4,81,3,ACCELERATING,false,0,4,1,0,1,,,0,0,-15
25,2,4,84,3,ACCELERATING,false,0,4,1,0,1,,,0,0,-15
26,2,4,87,3,ACCELERATING,false,0,4,1,0,1,,,0,0,-15
27,2,4,90,0,HIT_WALL,false,0,5,1,0,2,,,0,0,-16
28,2,4,90,0,FIXED_CAR,false,0,3,1,0,2,,,0,0,-16
29,2,4,93,3,HIT_MUD,false,0,4,1,0,2,,,0,0,-19
30,2,4,96,3,ACCELERATING,false,0,4,1,0,2,,,0,0,-19
31,2,4,99,3,ACCELERATING,false,0,4,2,0,2,,,0,0,-15
32,2,4,102,3,ACCELERATING,false,0,4,2,0,2,,,0,1,-11
33,2,4,105,3,ACCELERATING,false,0,4,2,0,3,,,0,1,-7
34,2,4,108,3,ACCELERATING,false,0,4,2,0,3,,,0,1,-7
35,2,4,111,3,ACCELERATING,false,0,4,2,0,3,,,0,1,-7
36,2,4,114,3,ACCELERATING,false,0,4,2,0,3,,,0,1,-7
37,2,4,117,3,ACCELERATING,false,0,4,2,0,3,,,0,1,-7
38,2,4,120,3,ACCELERATING,false,0,4,2,0,3,,,0,1,-7
39,2,4,123,3,ACCELERATING,false,0,4,2,0,3,,,0,1,-7
40,2,4,126,0,HIT_MUD,false,0,5,2,0,3,,,0,1,-10
41,2,4,126,0,FIXED_CAR,false,0,3,2,0,3,,,0,1,-10
42,2,4,129,3,ACCELERATING,false,0,3,2,0,3,,,0,1,-10
43,2,4,135,6,ACCELERATING,false,0,3,2,0,3,,,0,1,-10
44,2,4,141,6,USED_LIZARD,false,0,3,2,0,2,,,0,1,-10
45,2,4,147,6,USED_BOOST,true,5,3,1,0,2,,,0,1,-6
46,2,4,153,6,USED_BOOST,true,5,3,0,0,2,,,0,1,-2
47,2,4,159,6,ACCELERATING,true,4,3,0,0,2,,,0,1,-2
48,2,4,165,6,ACCELERATING,true,3,3,0,0,2,,,0,1,-2
49,2,4,171,6,USED_LIZARD,true,2,3,0,0,1,,,0,1,-2
50,2,4,177,6,USED_LIZARD,true,1,3,0,0,0,,,0,1,-2
51,2,4,183,6,ACCELERATING,false,0,3,0,0,0,,,0,1,-2
52,2,4,189,6,ACCELERATING,false,0,3,0,0,0,,,0,1,-2
53,2,4,195,6,ACCELERATING,false,0,3,0,1,0,,,0,1,2
54,2,4,201,0,HIT_WALL,false,0,5,0,1,0,,,0,1,-6
55,2,4,201,0,FIXED_CAR,false,0,3,0,1,0,,,0,1,-6
56,2,4,204,3,ACCELERATING,false,0,3,0,1,0,,,0,1,-6
57,2,4,210,6,ACCELERATING,false,0,3,0,1,0,,,0,1,-6
58,2,4,216,3,HIT_MUD,false,0,4,0,1,0,,,0,1,-9
59,2,4,219,3,ACCELERATING,false,0,4,0,1,0,,,0,1,-9
60,2,4,222,3,ACCELERATING,false,0,4,0,1,0,,,0,1,-9
61,2,4,225,3,ACCELERATING,false,0,4,0,1,1,,,0,1,-5
62,2,4,228,3,ACCELERATING,false,0,4,0,1,1,,,0,1,-5
63,2,4,231,3,ACCELERATING,false,0,4,0,1,1,,,0,1,-5
64,2,4,234,0,HIT_MUD,false,0,5,0,1,1,,,1,1,-4
65,2,4,234,0,FIXED_CAR,false,0,3,0,1,1,,,1,1,-4
66,2,4,237,3,ACCELERATING,false,0,3,0,1,1,,,1,1,-4
67,2,4,243,0,HIT_WALL,false,0,5,0,1,1,,,1,1,-9
68,2,4,243,0,FIXED_CAR,false,0,3,0,1,1,,,1,1,-9
69,2,4,246,3,ACCELERATING,false,0,3,0,2,1,,,1,1,-5
70,2,4,252,6,ACCELERATING,false,0,3,0,2,1,,,1,3,3
71,2,4,258,6,USED_LIZARD,false,0,3,0,2,0,,,1,3,3
72,2,4,264,6,ACCELERATING,false,0,3,0,2,0,,,1,3,3
73,2,4,270,6,ACCELERATING,false,0,3,0,2,0,,,1,3,3
74,2,4,276,6,ACCELERATING,false,0,3,0,2,0,,,1,3,3
75,2,4,282,6,ACCELERATING,false,0,3,0,2,0,,,1,3,3
76,2,4,288,6,ACCELERATING,false,0,3,0,2,0,,,1,3,3
77,2,4,294,6,ACCELERATING,false,0,3,0,2,0,,,1,3,3
78,2,4,300,6,ACCELERATING,false,0,3,1,2,0,,,1,3,7
79,2,4,306,6,USED_BOOST,true,5,3,0,2,0,,,1,3,11
80,2,4,312,6,ACCELERATING,true,4,3,0,2,0,,,1,3,11
81,2,4,318,3,HIT_MUD,false,0,4,0,2,0,,,1,4,12
82,2,4,321,3,ACCELERATING,false,0,4,0,3,0,,,1,4,16
83,2,4,324,3,ACCELERATING,false,0,4,0,3,0,,,1,4,16
84,2,4,327,3,ACCELERATING,false,0,4,0,3,0,,,1,4,16
85,2,4,330,0,HIT_MUD,false,0,5,0,3,0,,,2,4,17
86,2,4,330,0,FIXED_CAR,false,0,3,0,3,0,,,2,4,17
87,2,4,333,3,HIT_MUD,false,0,4,0,3,0,,,2,4,14
88,2,4,336,3,ACCELERATING,false,0,4,0,3,0,,,2,4,14
89,2,4,339,3,ACCELERATING,false,0,4,0,3,0,,,2,4,14
90,2,4,342,3,ACCELERATING,false,0,4,0,3,0,,,2,4,14
91,2,4,345,3,ACCELERATING,false,0,4,0,3,0,,,2,4,14
92,2,4,348,3,ACCELERATING,false,0,4,0,3,0,,,2,4,14
93,2,4,351,3,ACCELERATING,false,0,4,1,3,0,,,2,4,18
94,2,4,354,3,ACCELERATING,false,0,4,1,3,0,,,2,4,18
95,2,4,357,3,ACCELERATING,false,0,4,1,4,0,,,2,4,22
96,2,4,360,3,ACCELERATING,false,0,4,1,4,0,,,2,4,22
97,2,4,363,3,ACCELERATING,false,0,4,1,4,0,,,2,4,22
98,2,4,366,3,ACCELERATING,false,0,4,1,4,1,,,2,4,26
99,2,4,369,3,ACCELERATING,false,0,4,1,4,1,,,2,4,26
100,2,4,372,3,ACCELERATING,false,0,4,1,4,1,,,2,4,26
101,2,4,375,3,ACCELERATING,false,0,4,1,4,1,,,2,4,26
102,2,4,378,3,ACCELERATING,false,0,4,1,4,1,,,2,4,26
103,2,4,381,3,ACCELERATING,false,0,4,1,4,1,,,2,4,26
104,2,4,384,3,ACCELERATING,false,0,4,1,4,1,,,2,4,26
105,2,4,387,0,HIT_WALL,false,0,5,1,4,1,,,2,4,21
106,2,4,387,0,FIXED_CAR,false,0,3,1,4,1,,,2,4,21
107,2,4,390,3,ACCELERATING,false,0,3,1,4,1,,,2,4,21
108,2,4,396,6,ACCELERATING,false,0,3,1,4,1,,,2,4,21
109,2,4,402,6,USED_BOOST,true,5,3,0,4,1,,,2,4,25
110,2,4,408,0,HIT_WALL,false,0,5,0,4,2,,,2,4,24
111,2,4,408,0,FIXED_CAR,false,0,3,0,4,2,,,2,4,24
112,2,4,411,3,ACCELERATING,false,0,3,0,4,2,,,2,4,24
113,2,4,417,3,HIT_MUD,false,0,4,0,4,2,,,2,4,21
114,2,4,420,3,ACCELERATING,false,0,4,0,4,2,,,2,4,21
115,2,4,423,3,ACCELERATING,false,0,4,0,4,2,,,2,4,21
116,2,4,426,3,ACCELERATING,false,0,4,1,4,2,,,2,4,25
117,2,4,429,3,ACCELERATING,false,0,4,1,4,2,,,2,4,25
118,2,4,432,3,ACCELERATING,false,0,4,1,4,2,,,2,4,25
119,2,4,435,0,HIT_WALL,false,0,5,1,4,2,,,2,4,20
120,2,4,435,0,FIXED_CAR,false,0,3,1,4,2,,,2,4,20
121,2,4,438,3,ACCELERATING,false,0,3,1,4,2,,,2,4,20
122,2,4,444,6,ACCELERATING,false,0,3,1,4,2,,,2,5,24
123,2,4,450,6,USED_LIZARD,false,0,3,1,4,1,,,2,5,24
124,2,4,456,6,USED_LIZARD,false,0,3,1,4,0,,,2,5,24
125,2,4,462,6,USED_BOOST,true,5,3,0,4,0,,,2,6,32
126,2,4,468,6,ACCELERATING,true,4,3,0,4,0,,,2,6,32
127,2,4,474,6,ACCELERATING,true,3,3,0,4,0,,,2,6,32
128,2,4,480,3,HIT_MUD,false,0,4,0,5,0,,,2,6,33
129,2,4,483,3,ACCELERATING,false,0,4,0,5,0,,,2,6,33
130,2,4,486,3,ACCELERATING,false,0,4,0,5,0,,,2,6,33
131,2,4,489,3,ACCELERATING,false,0,4,0,6,0,,,2,6,37
132,2,4,492,3,ACCELERATING,false,0,4,0,6,0,,,2,6,37
133,2,4,495,3,ACCELERATING,false,0,4,0,6,0,,,2,6,37
134,2,4,498,3,ACCELERATING,false,0,4,0,6,0,,,2,6,37
135,2,4,501,0,HIT_MUD,false,0,5,0,6,0,,,2,6,34
136,2,4,501,0,FIXED_CAR,false,0,3,0,6,0,,,2,6,34
137,2,4,504,3,ACCELERATING,false,0,3,0,6,0,,,2,6,34
138,2,4,510,3,HIT_MUD,false,0,4,0,6,0,,,2,7,35
139,2,4,513,3,ACCELERATING,false,0,4,0,6,0,,,3,7,39
140,2,4,516,0,HIT_MUD,false,0,5,0,6,0,,,3,7,36
141,2,4,516,0,FIXED_CAR,false,0,3,0,6,0,,,3,7,36
142,2,4,519,0,HIT_MUD,false,0,5,0,6,0,,,3,7,27
143,2,4,519,0,FIXED_CAR,false,0,3,0,6,0,,,3,7,27
144,2,4,522,3,ACCELERATING,false,0,3,0,6,0,,,3,7,27
145,2,4,528,6,ACCELERATING,false,0,3,1,6,0,,,3,7,31
146,2,4,534,3,HIT_MUD,false,0,4,0,6,0,,,3,7,32
147,2,4,537,3,ACCELERATING,false,0,4,0,6,0,,,3,7,32
148,2,4,540,3,ACCELERATING,false,0,4,0,6,0,,,3,7,32
149,2,4,543,0,HIT_MUD,false,0,5,0,6,0,,,3,7,23
150,2,4,543,0,FIXED_CAR,false,0,3,0,6,0,,,3,7,23
151,2,4,546,3,ACCELERATING,false,0,3,0,6,0,,,3,7,23
152,2,4,552,3,HIT_MUD,false,0,4,0,6,0,,,3,7,20
153,2,4,555,3,ACCELERATING,false,0,4,0,6,0,,,3,7,20
154,2,4,558,0,HIT_MUD,false,0,5,0,6,0,,,3,7,17
155,2,4,558,0,FIXED_CAR,false,0,3,0,6,0,,,3,7,17
156,2,4,561,3,ACCELERATING,false,0,3,0,6,0,,,3,7,17
157,2,4,567,6,ACCELERATING,false,0,3,0,6,0,,,3,7,17
158,2,4,573,0,HIT_WALL,false,0,5,0,6,0,,,3,7,12
159,2,4,573,0,FIXED_CAR,false,0,3,0,6,0,,,3,7,12
160,2,4,576,3,ACCELERATING,false,0,3,0,6,0,,,3,7,12
161,2,4,582,6,ACCELERATING,false,0,3,0,6,0,,,4,7,16
162,2,4,588,0,HIT_WALL,false,0,5,0,7,0,,,4,7,15
163,2,4,588,0,FIXED_CAR,false,0,3,0,7,0,,,4,7,15
164,2,4,591,3,ACCELERATING,false,0,3,0,7,0,,,4,7,15
165,2,4,597,6,ACCELERATING,false,0,3,0,7,0,,,5,7,19
166,2,4,603,6,ACCELERATING,false,0,3,0,7,0,,,5,7,19
167,2,4,609,6,ACCELERATING,false,0,3,0,7,0,,,5,7,19
168,2,4,615,6,ACCELERATING,false,0,3,0,7,0,,,5,7,19
169,2,4,621,6,ACCELERATING,false,0,3,0,7,0,,,5,7,19
170,2,4,627,0,HIT_WALL,false,0,5,0,7,0,,,5,7,11
171,2,4,627,0,FIXED_CAR,false,0,3,0,7,0,,,5,7,11
172,2,4,630,3,ACCELERATING,false,0,3,0,7,0,,,5,7,11
173,2,4,636,6,ACCELERATING,false,0,3,0,7,0,,,5,7,11
174,2,4,642,0,HIT_WALL,false,0,5,0,7,0,,,5,7,6
175,2,4,642,0,FIXED_CAR,false,0,3,0,7,0,,,5,7,6
176,2,4,645,3,ACCELERATING,false,0,3,0,7,0,,,5,7,6
177,2,4,651,3,HIT_MUD,false,0,4,0,7,0,,,5,7,3
178,2,4,654,3,ACCELERATING,false,0,4,0,7,0,,,5,7,3
179,2,4,657,3,ACCELERATING,false,0,4,0,7,0,,,5,7,3
180,2,4,660,3,ACCELERATING,false,0,4,0,7,0,,,5,7,3
181,2,4,663,3,ACCELERATING,false,0,4,0,7,0,,,5,7,3
182,2,4,666,3,ACCELERATING,false,0,4,0,7,0,,,5,7,3
183,2,4,669,3,ACCELERATING,false,0,4,0,7,0,,,5,7,3
184,2,4,672,3,ACCELERATING,false,0,4,0,8,0,,,6,7,11
185,2,4,675,3,ACCELERATING,false,0,4,0,8,0,,,6,7,11
186,2,4,678,3,ACCELERATING,false,0,4,0,8,0,,,6,7,11
187,2,4,681,3,ACCELERATING,false,0,4,0,8,0,,,6,7,11
188,2,4,684,3,ACCELERATING,false,0,4,0,8,0,,,6,8,15
189,2,4,687,3,ACCELERATING,false,0,4,0,8,0,,,6,8,15
190,2,4,690,3,ACCELERATING,false,0,4,0,8,0,,,6,8,15
191,2,4,693,3,ACCELERATING,false,0,4,0,8,0,,,6,8,15
192,2,4,696,3,ACCELERATING,false,0,4,0,8,0,,,6,8,15
193,2,4,699,3,ACCELERATING,false,0,4,0,8,0,,,6,8,15
194,2,4,702,3,ACCELERATING,false,0,4,0,8,0,,,6,8,15
195,2,4,705,3,ACCELERATING,false,0,4,0,8,0,,,6,8,15
196,2,4,708,3,ACCELERATING,false,0,4,0,8,0,,,6,8,15
197,2,4,711,3,ACCELERATING,false,0,4,0,8,0,,,6,8,15
198,2,4,714,3,ACCELERATING,false,0,4,0,8,0,,,6,8,15
199,2,4,717,3,ACCELERATING,false,0,4,0,8,0,,,6,8,15
200,2,4,720,3,ACCELERATING,false,0,4,0,8,0,,,6,8,15
201,2,4,723,3,ACCELERATING,false,0,4,0,8,0,,,6,8,15
202,2,4,726,0,HIT_MUD,false,0,5,0,8,0,,,6,8,9
203,2,4,726,0,FIXED_CAR,false,0,3,0,8,0,,,6,8,9
204,2,4,729,3,ACCELERATING,false,0,3,0,8,0,,,6,8,9
205,2,4,735,6,ACCELERATING,false,0,3,0,8,1,,,6,8,13
206,2,4,741,6,ACCELERATING,false,0,3,0,8,1,,,6,8,13
207,2,4,747,6,ACCELERATING,false,0,3,0,8,1,,,6,8,13
208,2,4,753,6,ACCELERATING,false,0,3,0,8,1,,,6,8,13
209,2,4,759,6,USED_LIZARD,false,0,3,0,8,0,,,6,8,13
210,2,4,765,3,HIT_MUD,false,0,4,0,8,0,,,7,8,14
211,2,4,768,3,ACCELERATING,false,0,4,0,8,0,,,7,8,14
212,2,4,771,0,HIT_MUD,false,0,5,0,8,1,,,7,8,15
213,2,4,771,0,FIXED_CAR,false,0,3,0,8,1,,,7,8,15
214,2,4,774,3,ACCELERATING,false,0,3,0,8,1,,,7,8,15
215,2,4,780,6,ACCELERATING,false,0,3,0,8,1,,,7,8,15
216,2,4,786,6,ACCELERATING,false,0,3,0,8,1,,,7,8,15
217,2,4,792,6,USED_LIZARD,false,0,3,0,8,0,,,7,8,15
218,2,4,798,0,HIT_MUD,false,0,5,0,8,0,,,7,8,6
219,2,4,798,0,FIXED_CAR,false,0,3,0,8,0,,,7,8,6
220,2,4,801,0,HIT_WALL,false,0,5,0,8,0,,,7,8,1
221,2,4,801,0,FIXED_CAR,false,0,3,0,8,0,,,7,8,1
222,2,4,804,3,ACCELERATING,false,0,3,0,8,0,,,7,8,1
223,2,4,810,6,ACCELERATING,false,0,3,0,8,0,,,7,8,1
224,2,4,816,6,ACCELERATING,false,0,3,0,8,0,,,7,8,1
225,2,4,822,6,ACCELERATING,false,0,3,0,9,0,,,7,8,5
226,2,4,828,6,ACCELERATING,false,0,3,0,9,0,,,7,8,5
227,2,4,834,6,ACCELERATING,false,0,3,0,10,0,,,7,8,9
228,2,4,840,6,ACCELERATING,false,0,3,0,10,0,,,7,8,9
229,2,4,846,6,ACCELERATING,false,0,3,0,11,0,,,7,8,13
230,2,4,852,6,ACCELERATING,false,0,3,0,11,0,,,7,8,13
231,2,4,858,6,ACCELERATING,false,0,3,0,11,0,,,7,8,13
232,2,4,864,6,ACCELERATING,false,0,3,0,11,0,,,7,8,13
233,2,4,870,3,HIT_MUD,false,0,4,0,11,0,,,7,8,10
234,2,4,873,3,ACCELERATING,false,0,4,0,11,0,,,7,8,10
235,2,4,876,0,HIT_MUD,false,0,5,0,11,0,,,7,8,7
236,2,4,876,0,FIXED_CAR,false,0,3,0,11,0,,,7,8,7
237,2,4,879,3,ACCELERATING,false,0,3,0,11,0,,,7,8,7
238,2,4,885,3,HIT_MUD,false,0,4,0,11,0,,,7,8,4
239,2,4,888,3,ACCELERATING,false,0,4,0,11,0,,,7,8,4
240,2,4,891,3,ACCELERATING,false,0,4,0,11,0,,,7,8,4
241,2,4,894,3,ACCELERATING,false,0,4,0,11,0,,,7,8,4
242,2,4,897,3,ACCELERATING,false,0,4,0,11,0,,,7,8,4
243,2,4,900,0,HIT_MUD,false,0,5,0,11,0,,,7,8,1
244,2,4,900,0,FIXED_CAR,false,0,3,0,11,0,,,7,8,1
245,2,4,903,3,ACCELERATING,false,0,3,0,11,0,,,7,8,1
246,2,4,909,6,ACCELERATING,false,0,3,0,11,0,,,8,9,9
247,2,4,915,6,ACCELERATING,false,0,3,0,11,0,,,8,9,9
248,2,4,921,3,HIT_MUD,false,0,4,0,11,0,,,8,9,6
249,2,4,924,3,ACCELERATING,false,0,4,1,11,0,,,8,9,10
250,2,4,927,0,HIT_MUD,false,0,5,1,11,0,,,8,9,7
251,2,4,927,0,FIXED_CAR,false,0,3,1,11,0,,,8,9,7
252,2,4,930,3,ACCELERATING,false,0,3,1,11,0,,,8,9,7
253,2,4,936,6,ACCELERATING,false,0,3,1,11,0,,,8,9,7
254,2,4,942,6,USED_BOOST,true,5,3,0,11,0,,,8,9,11
255,2,4,948,6,ACCELERATING,true,4,3,0,11,0,,,8,9,11
256,2,4,954,3,HIT_MUD,false,0,4,0,11,0,,,8,9,8
257,2,4,957,3,ACCELERATING,false,0,4,0,11,0,,,8,9,8
258,2,4,960,3,ACCELERATING,false,0,4,0,11,0,,,8,9,8
259,2,4,963,3,ACCELERATING,false,0,4,0,11,0,,,8,9,8
260,2,4,966,3,ACCELERATING,false,0,4,1,11,0,,,8,9,12
261,2,4,969,3,ACCELERATING,false,0,4,1,11,1,,,8,9,16
262,2,4,972,3,ACCELERATING,false,0,4,1,11,1,,,8,9,16
263,2,4,975,0,HIT_MUD,false,0,5,1,11,1,,,8,9,13
264,2,4,975,0,FIXED_CAR,false,0,3,1,11,1,,,8,9,13
265,2,4,978,3,ACCELERATING,false,0,3,1,11,1,,,8,10,17
266,2,4,984,6,ACCELERATING,false,0,3,1,12,1,,,8,10,21
267,2,4,990,6,USED_BOOST,true,5,3,0,12,1,,,8,10,25
268,2,4,996,6,USED_LIZARD,true,4,3,0,12,1,,,8,10,29
269,2,4,1002,6,ACCELERATING,true,3,3,0,12,1,,,8,10,29
270,2,4,1008,6,ACCELERATING,true,2,3,0,12,1,,,8,10,29
271,2,4,1014,6,USED_LIZARD,true,1,3,0,12,0,,,8,10,29
272,2,4,1020,0,HIT_MUD,false,0,5,0,12,0,,,9,10,24
273,2,4,1020,0,FIXED_CAR,false,0,3,0,12,0,,,9,10,24
274,2,4,1023,3,ACCELERATING,false,0,3,0,12,0,,,9,10,24
275,2,4,1029,6,ACCELERATING,false,0,3,0,12,0,,,9,10,24
276,2,4,1035,6,ACCELERATING,false,0,3,0,12,0,,,9,10,24
277,2,4,1041,3,HIT_MUD,false,0,4,0,12,0,,,9,10,21
278,2,4,1044,3,ACCELERATING,false,0,4,0,12,0,,,9,10,21
279,2,4,1047,3,ACCELERATING,false,0,4,0,12,0,,,9,10,21
280,2,4,1050,3,ACCELERATING,false,0,4,0,12,0,,,9,10,21
281,2,4,1053,3,ACCELERATING,false,0,4,0,12,0,,,9,10,21
282,2,4,1056,3,ACCELERATING,false,0,4,0,12,0,,,9,10,21
283,2,4,1059,3,ACCELERATING,false,0,4,0,12,0,,,9,10,21
284,2,4,1062,0,HIT_MUD,false,0,5,0,12,0,,,9,10,12
285,2,4,1062,0,FIXED_CAR,false,0,3,0,12,0,,,9,10,12
286,2,4,1065,3,ACCELERATING,false,0,3,0,12,0,,,9,10,12
287,2,4,1071,6,ACCELERATING,false,0,3,0,12,0,,,9,10,12
288,2,4,1077,6,ACCELERATING,false,0,3,0,12,0,,,9,10,12
289,2,4,1083,6,ACCELERATING,false,0,3,0,12,0,,,9,10,12
290,2,4,1089,6,ACCELERATING,false,0,3,0,13,0,,,9,10,16
291,2,4,1095,0,HIT_WALL,false,0,5,0,13,1,,,9,10,15
292,2,4,1095,0,FIXED_CAR,false,0,3,0,13,1,,,9,10,15
293,2,4,1098,3,ACCELERATING,false,0,3,1,13,1,,,9,10,19
294,2,4,1104,0,HIT_MUD,false,0,5,1,13,1,,,9,10,10
295,2,4,1104,0,FIXED_CAR,false,0,3,1,13,1,,,9,10,10
296,2,4,1107,3,ACCELERATING,false,0,3,1,13,1,,,9,10,10
297,2,4,1113,3,HIT_MUD,false,0,4,1,13,1,,,9,10,7
298,2,4,1116,3,ACCELERATING,false,0,4,1,13,1,,,9,10,7
299,2,4,1119,3,ACCELERATING,false,0,4,1,13,1,,,9,10,7
300,2,4,1122,3,ACCELERATING,false,0,4,1,13,1,,,9,10,7
301,2,4,1125,0,HIT_MUD,false,0,5,2,13,1,,,9,10,8
302,2,4,1125,0,FIXED_CAR,false,0,3,2,13,1,,,9,10,8
303,2,4,1128,3,ACCELERATING,false,0,3,2,13,1,,,9,10,8
304,2,4,1134,3,HIT_MUD,false,0,4,2,13,1,,,9,10,5
305,2,4,1137,3,ACCELERATING,false,0,4,2,13,1,,,9,11,9
306,2,4,1140,3,ACCELERATING,false,0,4,2,13,1,,,9,11,9
307,2,4,1143,3,ACCELERATING,false,0,4,2,13,1,,,9,11,9
308,2,4,1146,3,ACCELERATING,false,0,4,2,13,1,,,9,11,9
309,2,4,1149,3,ACCELERATING,false,0,4,2,14,1,,,9,11,13
310,2,4,1152,3,ACCELERATING,false,0,4,2,14,1,,,9,11,13
311,2,4,1155,3,ACCELERATING,false,0,4,2,14,1,,,9,11,13
312,2,4,1158,3,ACCELERATING,false,0,4,2,14,1,,,9,11,13
313,2,4,1161,3,ACCELERATING,false,0,4,2,14,1,,,9,11,13
314,2,4,1164,0,HIT_MUD,false,0,5,2,14,1,,,9,11,10
315,2,4,1164,0,FIXED_CAR,false,0,3,2,14,1,,,9,11,10
316,2,4,1167,3,ACCELERATING,false,0,3,2,14,1,,,9,11,10
317,2,4,1173,3,HIT_MUD,false,0,4,2,14,1,,,9,11,7
318,2,4,1176,3,ACCELERATING,false,0,4,2,14,1,,,9,11,7
319,2,4,1179,0,HIT_MUD,false,0,5,2,14,1,,,9,11,4
320,2,4,1179,0,FIXED_CAR,false,0,3,2,14,1,,,9,11,4
321,2,4,1182,3,ACCELERATING,false,0,3,2,14,1,,,10,11,8
322,2,4,1188,0,HIT_WALL,false,0,5,2,14,1,,,10,11,3
323,2,4,1188,0,FIXED_CAR,false,0,3,2,14,1,,,10,11,3
324,2,4,1191,3,ACCELERATING,false,0,3,2,14,1,,,10,11,3
325,2,4,1197,0,HIT_MUD,false,0,5,2,14,1,,,10,11,-3
326,2,4,1197,0,FIXED_CAR,false,0,3,2,14,1,,,10,11,-3
327,2,4,1200,3,ACCELERATING,false,0,3,2,14,1,,,10,11,-3
328,2,4,1206,0,HIT_MUD,false,0,5,2,14,2,,,10,11,-5
329,2,4,1206,0,FIXED_CAR,false,0,3,2,14,2,,,10,11,-5
330,2,4,1209,3,ACCELERATING,false,0,3,2,14,2,,,10,11,-5
331,2,4,1215,6,ACCELERATING,false,0,3,2,14,2,,,10,11,-5
332,2,4,1221,6,USED_LIZARD,false,0,3,2,14,1,,,10,11,-5
333,2,4,1227,6,USED_LIZARD,false,0,3,2,14,0,,,10,11,-5
334,2,4,1233,3,HIT_MUD,false,0,4,1,14,0,,,10,12,0
335,2,4,1236,3,ACCELERATING,false,0,4,1,14,0,,,10,12,0
336,2,4,1239,3,ACCELERATING,false,0,4,1,14,0,,,10,12,0
337,2,4,1242,3,ACCELERATING,false,0,4,1,14,0,,,10,12,0
338,2,4,1245,3,ACCELERATING,false,0,4,1,14,0,,,10,12,0
339,2,4,1248,0,HIT_WALL,false,0,5,1,14,0,,,10,12,-5
340,2,4,1248,0,FIXED_CAR,false,0,3,1,14,0,,,10,12,-5
341,2,4,1251,3,ACCELERATING,false,0,3,1,14,0,,,10,12,-5
342,2,4,1257,6,ACCELERATING,false,0,3,1,14,0,,,10,12,-5
343,2,4,1263,3,HIT_MUD,false,0,4,0,15,0,,,10,12,0
344,2,4,1266,0,HIT_MUD,false,0,5,0,15,0,,,10,12,-3
345,2,4,1266,0,FIXED_CAR,false,0,3,0,15,0,,,10,12,-3
346,2,4,1269,3,ACCELERATING,false,0,3,0,15,0,,,10,12,-3
347,2,4,1275,6,ACCELERATING,false,0,3,0,15,1,,,10,12,1
348,2,4,1281,6,USED_LIZARD,false,0,3,0,15,0,,,10,12,1
349,2,4,1287,3,HIT_MUD,false,0,4,0,15,0,,,10,12,-2
350,2,4,1290,0,HIT_MUD,false,0,5,0,15,0,,,10,12,-5
351,2,4,1290,0,FIXED_CAR,false,0,3,0,15,0,,,10,12,-5
352,2,4,1293,0,HIT_WALL,false,0,5,0,15,0,,,10,12,-10
353,2,4,1293,0,FIXED_CAR,false,0,3,0,15,0,,,10,12,-10
354,2,4,1296,3,ACCELERATING,false,0,3,0,15,0,,,10,12,-10
355,2,4,1302,6,ACCELERATING,false,0,3,0,15,0,,,11,12,-6
356,2,4,1308,3,HIT_MUD,false,0,4,0,16,0,,,11,12,-5
357,2,4,1311,3,ACCELERATING,false,0,4,0,16,0,,,11,12,-5
358,2,4,1314,3,ACCELERATING,false,0,4,0,16,0,,,11,12,-5
359,2,4,1317,3,ACCELERATING,false,0,4,0,16,0,,,11,12,-5
360,2,4,1320,3,ACCELERATING,false,0,4,0,17,0,,,11,12,-1
361,2,4,1323,3,ACCELERATING,false,0,4,0,17,0,,,11,12,-1
362,2,4,1326,3,ACCELERATING,false,0,4,0,17,0,,,11,12,-1
363,2,4,1329,3,ACCELERATING,false,0,4,0,17,0,,,11,12,-1
364,2,4,1332,3,ACCELERATING,false,0,4,0,17,0,,,11,12,-1
365,2,4,1335,3,ACCELERATING,false,0,4,0,17,0,,,11,12,-1
366,2,4,1338,0,HIT_WALL,false,0,5,0,17,0,,,11,12,-6
367,2,4,1338,0,FIXED_CAR,false,0,3,0,17,0,,,11,12,-6
368,2,4,1341,3,HIT_MUD,false,0,4,0,17,0,,,11,12,-9
369,2,4,1344,3,ACCELERATING,false,0,4,0,17,0,,,11,12,-9
370,2,4,1347,3,ACCELERATING,false,0,4,0,17,0,,,11,12,-9
371,2,4,1350,0,HIT_WALL,false,0,5,0,17,0,,,11,12,-14
372,2,4,1350,0,FIXED_CAR,false,0,3,0,17,0,,,11,12,-14
373,2,4,1353,3,ACCELERATING,false,0,3,0,17,0,,,11,12,-14
374,2,4,1359,0,HIT_WALL,false,0,5,0,18,0,,,11,12,-15
375,2,4,1359,0,FIXED_CAR,false,0,3,0,18,0,,,11,12,-15
376,2,4,1362,3,HIT_MUD,false,0,4,0,18,0,,,11,12,-18
377,2,4,1365,0,HIT_MUD,false,0,5,0,18,0,,,11,12,-21
378,2,4,1365,0,FIXED_CAR,false,0,3,0,18,0,,,11,12,-21
379,2,4,1368,3,ACCELERATING,false,0,3,0,18,0,,,11,13,-17
380,2,4,1374,6,ACCELERATING,false,0,3,0,18,0,,,11,13,-17
381,2,4,1380,6,ACCELERATING,false,0,3,0,18,0,,,11,13,-17
382,2,4,1386,6,ACCELERATING,false,0,3,0,18,0,,,11,13,-17
383,2,4,1392,6,ACCELERATING,false,0,3,0,18,1,,,11,13,-13
384,2,4,1398,6,ACCELERATING,false,0,3,0,18,2,,,11,13,-9
385,2,4,1404,6,ACCELERATING,false,0,3,0,18,2,,,11,13,-9
386,2,4,1410,6,ACCELERATING,false,0,3,0,18,2,,,11,13,-9
387,2,4,1416,6,ACCELERATING,false,0,3,0,18,2,,,11,13,-9
388,2,4,1422,6,ACCELERATING,false,0,3,0,18,2,,,11,13,-9
389,2,4,1428,6,ACCELERATING,false,0,3,0,18,2,,,11,13,-9
390,2,4,1434,6,USED_LIZARD,false,0,3,0,18,1,,,11,13,-9
391,2,4,1440,6,USED_LIZARD,false,0,3,0,18,0,,,11,13,-9
392,2,4,1446,6,ACCELERATING,false,0,3,0,18,0,,,11,13,-9
393,2,4,1452,3,HIT_MUD,false,0,4,0,19,0,,,11,13,-8
394,2,4,1455,3,ACCELERATING,false,0,4,0,19,0,,,11,13,-8
395,2,4,1458,3,ACCELERATING,false,0,4,0,19,0,,,11,13,-8
396,2,4,1461,3,ACCELERATING,false,0,4,0,19,0,,,11,13,-8
397,2,4,1464,3,ACCELERATING,false,0,4,0,19,0,,,11,14,-4
398,2,4,1467,3,ACCELERATING,false,0,4,0,19,0,,,11,14,-4
399,2,4,1470,3,ACCELERATING,false,0,4,0,19,0,,,11,14,-4
400,2,4,1473,3,ACCELERATING,false,0,4,0,19,0,,,11,14,-4
401,2,4,1476,3,ACCELERATING,false,0,4,0,19,0,,,11,14,-4
402,2,4,1479,3,ACCELERATING,false,0,4,1,19,0,,,11,14,0
403,2,4,1482,3,ACCELERATING,false,0,4,1,19,0,,,11,14,0
404,2,4,1485,3,ACCELERATING,false,0,4,1,19,0,,,11,14,0
405,2,4,1488,3,ACCELERATING,false,0,4,1,19,0,,,11,14,0
406,2,4,1491,3,ACCELERATING,false,0,4,1,19,0,,,11,14,0
407,2,4,1494,3,ACCELERATING,false,0,4,1,19,0,,,11,14,0
408,2,4,1497,3,ACCELERATING,false,0,4,1,19,0,,,11,14,0
